texto,label_real,label_texto,predicao
"Lindo de se ver!!! Gente boa, Bolsonaro cuidem das crianÃ§as da Ilha do Marajo. Juntos todos podemos. Grata",0,NÃ£o-ofensivo,NÃ£o-ofensivo
Me da mais raiva de quem vota nessa corja e apoia esses traidores,1,Ofensivo,Ofensivo
ALGUÃ‰M PODERIA ME INFORMAR SE ESSE COISO Ã‰ GENTE OU UM DEMÃ”NIO ENCORPORADO?,1,Ofensivo,NÃ£o-ofensivo
Outra esquerdista cara de pau! NÃ£o basta os do Brasil! ğŸ˜¡,1,Ofensivo,Ofensivo
Com tempo e na expectativa,0,NÃ£o-ofensivo,NÃ£o-ofensivo
@lindegomes famÃ­lia PT tÃ¡ bem perto desse partido das trevas acabar,1,Ofensivo,Ofensivo
ParabÃ©ns Eduardo Bolsonaro merece o nosso respeito!!ğŸ‡§ğŸ‡·ğŸ‡§ğŸ‡·,0,NÃ£o-ofensivo,NÃ£o-ofensivo
Viva nosso ministro,0,NÃ£o-ofensivo,NÃ£o-ofensivo
O amor vai sempre vencer o Ã³dio â¤â¤O maior presidente do Brasil de todos os tempos.,0,NÃ£o-ofensivo,NÃ£o-ofensivo
Exatamente . EstÃ¡ na hora de parar de falar besteira e de prejudicar a imagem do pai!,0,NÃ£o-ofensivo,Ofensivo
SÃ“ SENTE PENA SE FOR REMUNERADA PRA ISSO...NÃƒO PRECISAMOS QUE ESSA GENTE SINTAM PENA DO NOSSO PAÃS...E SIM QUE SE AFASTEM DELE E DO NOSSO DINHEIRO...,1,Ofensivo,Ofensivo
Como Portuguesa e Progressista. Saudo essas trÃªs mulheres guerreiras que tanto orgulham todas as mulheres Progressistas Brasileiras e do mundo â¤â¤â¤â¤ğŸ‘ğŸ‘ğŸ‘ğŸ‘ğŸ‘,0,NÃ£o-ofensivo,NÃ£o-ofensivo
Esse sim Ã‰ excelente p uma entrevista ğŸ™ğŸ‘ğŸ‘ğŸ‘ğŸ‡§ğŸ‡·ğŸ‡§ğŸ‡·ğŸ‡§ğŸ‡·+,0,NÃ£o-ofensivo,NÃ£o-ofensivo
Revoltante o q este ser fez.,1,Ofensivo,NÃ£o-ofensivo
"Imediatamente abrir um processo de cassaÃ§Ã£o desse deputado por falta de decoro parlamentar, destruiÃ§Ã£o do patrimÃ´nio pÃºblico e crime de racismo!",0,NÃ£o-ofensivo,Ofensivo
@amaral9712 o pior de tudo isso Ã© ver um percentual de Brasileiro batendo palma para um incompetente! Esse aÃ­ vai conseguir bater o recorde da Dilma! Levar o paÃ­s mais rÃ¡pido e a mais profunda crise econÃ´mica!,1,Ofensivo,Ofensivo
O governador do Rio tambÃ©m.,0,NÃ£o-ofensivo,NÃ£o-ofensivo
"Agora essa nova esquerda light quer calar os filhos??? E o pai tambÃ©m serÃ¡??? Gente asquerosa, invejosa e que sÃ³ pensa no poder pelo poder, nÃ£o ta nem ai pro paÃ­s! Sou Bolsonaro e famÃ­lia sim, desses tipinhos aÃ­ o paÃ­s ta cheio e deu no que deu atÃ© agora!",1,Ofensivo,Ofensivo
"Muito bem Alexandre, continue a nos representar na imprensa brasileira, porque parte dela nÃ£o sei que pensa, mas querem a desgraÃ§a do Brasil, serÃ¡ porque foi cortado alguns privilÃ©gios que tinham? A imprensa que vocÃª de privilÃ©gios de governos Ã© porque nÃ£o tem capacidade e nem qualidade. No Brasil a faze cubana, chavista e comunista tÃ¡ com os dias contados e se Deus quiser vai zerar e estas desgraÃ§as, como Lula, JosÃ© Dirceu, Dilma e seus comparsas vai sumir do mapa igual os dinosauros prÃ© histÃ³rico,",1,Ofensivo,Ofensivo
MENTIROSA NÃƒO MERECE RESPOSTA PORQUE A SUA PERGUNTA JÃ Ã‰ UMA MENTIRA QUE FALA POR SI SÃ“. CHUPA GLOBOLIXO!ğŸ˜¡ğŸ¤œğŸ’¥ğŸ€ğŸ’¨ğŸ‘‰,1,Ofensivo,Ofensivo
"Esse programa jÃ¡ foi melhorzinho, bando de cretinos",1,Ofensivo,Ofensivo
"EstÃ£o arroxados, a TETA secouğŸ¤£ğŸ¤£ğŸ¤£ğŸ¤£ğŸ¤£ğŸ¤£ğŸ¤£onde estÃ¡ Paulo Pimentel , Gleice Hoffman e essezinho aÃ­, pode esperar... DESESPERO DE CAUSA. EstÃ£o oprimidos tadinhos.Deixe ""eis""",1,Ofensivo,Ofensivo
Que corja asqueirosa.,1,Ofensivo,Ofensivo
Outra pilantra!,1,Ofensivo,Ofensivo
ğŸ‡§ğŸ‡·JAIR MESSIAS BOLSONAROğŸ‡§ğŸ‡· O VERDADEIRO PRESIDENTE DO BRASIL ğŸ™ŒğŸ‡§ğŸ‡·ğŸ™Œ,0,NÃ£o-ofensivo,NÃ£o-ofensivo
Bandido!! ğŸ‘¹ Deus nÃ³s livre desse capeta em carne e osso.,1,Ofensivo,Ofensivo
"Esse congresso sÃ³ trabalha contra o paÃ­s. E por acaso sÃ£o intocÃ¡veis? NinguÃ©m consegue fazer nada???? NinguÃ©m pode fazer nada? Ã‰ isso??? Estamos estamos refÃ©m de representantes #corruptos, que ao invÃ©s de olhar para o seu povo , sÃ³ trabalham com viÃ©s polÃ­ticos e para seus prÃ³prios umbigos. O presidente nÃ£o tem poder para nada??? Ã‰ isso mesmo???",1,Ofensivo,Ofensivo
"O Congresso, Senado e o STF perderam o respeito pelo povo Brasileiro.",0,NÃ£o-ofensivo,NÃ£o-ofensivo
Isso Ã© um escroto. Velho safado.ğŸ¤®,1,Ofensivo,Ofensivo
"Ministro, por favor, cuide da reestruturaÃ§Ã£o da carreira dos TÃ©cnicos Administrativos em EducaÃ§Ã£o (TAEs) dos Institutos e Universidades Federais. Somos a carreira com piores salÃ¡rios e a mais desprestigiada, acumulamos perdas inflacionÃ¡rias acima de 50%, mais perdas atÃ© que os docentes. NÃ³s fizemos campanha no Brasil Participativo. Ficamos com zero de reajuste no vencimento bÃ¡sico para 2024, hoje ganhamos metade do que ganhÃ¡vamos (em salÃ¡rios mÃ­nimos). Isso Ã© verg0nhoso, ajude nossa carreira para que ela nÃ£o acabe, pois cada vez mais servidores estÃ£o indo embora da carreira. Por favor, nÃ£o esqueÃ§a! @estherdweck_ @camilosantanaoficial @lulaoficial @fernandohaddadoficial",1,Ofensivo,NÃ£o-ofensivo
Seria tÃ£o bom se esses filhos do Bolsonaro ficassem calados para sempre!!!!,1,Ofensivo,Ofensivo
O STF acaba com qualquer bom sonho dos Brasileiros !!Vermes .,1,Ofensivo,Ofensivo
Acho pouco quem mandou votar,0,NÃ£o-ofensivo,NÃ£o-ofensivo
Essa passou na fila da beleza vÃ¡rias vezes ğŸ˜,0,NÃ£o-ofensivo,NÃ£o-ofensivo
CadÃª as forÃ§as armadas!!!!!Socorro!!!!!,1,Ofensivo,NÃ£o-ofensivo
Esse SÃ­lvio santos Ã© um VERME. U criminoso. Onde estava a VACA da Damares protetora da famÃ­lia. Essa pilantra nÃ£o defende famÃ­lia coisa nenhuma.,1,Ofensivo,Ofensivo
InacreditÃ¡vel mesmo!,0,NÃ£o-ofensivo,NÃ£o-ofensivo
VocÃªs falarem em roubo Ã© uma comÃ©dia. #ptcorrupto #ptlixo,1,Ofensivo,Ofensivo
"O presidente Lula tem que fazer alguma coisa pelos aposentados! Os aposentados precisam de ter seus benefÃ­cios reajustados. O governo anterior nÃ£o fez nada pelos aposentados. Estamos aguardando o Presidente Lula, pois tambÃ©m somos eleitores! Nossos benefÃ­cios estÃ£o super defasados!",0,NÃ£o-ofensivo,NÃ£o-ofensivo
VC deveria ser o presidente!,0,NÃ£o-ofensivo,NÃ£o-ofensivo
"Boa pergunta, #CarlaZambelli!!!!",0,NÃ£o-ofensivo,NÃ£o-ofensivo
"Carta Capital!!!! Ã‰ lixo!! Escrotos, Mal Amados, Vagabundos, OrdinÃ¡rios, SalafrÃ¡rios, Dementes, DemÃ´nios...e ficaria o dia todo escrevendo sobre vcs seus fdps #cartacapitallixo",1,Ofensivo,Ofensivo
"OtÃ¡ria, BABACA.",1,Ofensivo,Ofensivo
Vcs tem rabo preso com a @joicehasselmannoficial por isso nÃ£o conseguem parar ela. Com certeza vcs tem acordos inacabados. PolÃ­tica continua suja.sÃ³ mudou da esquerda pra direita. Ã‰ uma pena,1,Ofensivo,Ofensivo
"ParabÃ©ns, vc merece ğŸ‘ğŸ‘ğŸ‘ğŸ‘",0,NÃ£o-ofensivo,NÃ£o-ofensivo
Absurdo VERGONHA!!!,1,Ofensivo,Ofensivo
Ele lÃ¡ sabe disso tudo! Ele Ã© burro e chucro kkk,1,Ofensivo,Ofensivo
"NÃ£o estou nem um pouco preocupado com a Greta, vÃ£o procurar o que fazer, parem de lacrar na fala dias outros, vÃ£o trabalhar. greta pra mim Ã© o espaÃ§o entre dois objetos. Nada mais quer isso",1,Ofensivo,Ofensivo
ğŸ‘ğŸ‘ğŸ‘ #Lula livre Simm,0,NÃ£o-ofensivo,NÃ£o-ofensivo
Vagabunda fingida...,1,Ofensivo,Ofensivo
"ParabÃ©ns Eduardo. O povo precisa muito de vcs deputados do bem, que tem compromisso com o povo brasileiro ğŸ‘ğŸ‘ğŸ‘",0,NÃ£o-ofensivo,NÃ£o-ofensivo
"Esquerdista agora fala em democracia porque levou uma surra no voto, assim como vagabundo jura por Deus depois de um tapa na lateral.ğŸ¤£",1,Ofensivo,Ofensivo
"@paixao_fortes uma sociedade sem estado Ã© um puteiro em guerra civil onde nada tem gestÃ£o, governanÃ§a e nem controle. Ã‰ por isso que o comunismo Ã© totalmente inviÃ¡vel e sÃ³ funcionava na cabeÃ§a do Marx! Ã‰ por isso que nenhum Estado socialista alcanÃ§a a mÃ¡xima do comunismo, Ã© por isso que nenhum Estado comunista Ã© realmente implantado em sua totalidade!",1,Ofensivo,Ofensivo
"Vale lembrar q a vitÃ³ria nÃ£o serÃ¡ (apenas) de Cristina, serÃ¡ primeiramente de Alberto e mais ainda da esquerda. E Cristina diferente do lÃ­der daqui nÃ£o foi egoÃ­sta e soube ceder e ter humildade de reconhecer o alto Ã­ndice de rejeiÃ§Ã£o que podia ter, e colocou em primeiro lugar o paÃ­s e nÃ£o a pessoa ou o partido. Que saibamos aprender!",0,NÃ£o-ofensivo,NÃ£o-ofensivo
ğŸ‡§ğŸ‡·ğŸ‡§ğŸ‡·ğŸ‡§ğŸ‡·ğŸ‡§ğŸ‡·ğŸ‡§ğŸ‡· jamais desistir,0,NÃ£o-ofensivo,NÃ£o-ofensivo
"Esse sim Ã© um Ministro da Fazenda, nÃ£o aquele ypiranga de meia tigela",1,Ofensivo,Ofensivo
Cada uma viu ninguÃ©m merece jÃ¡ chega,0,NÃ£o-ofensivo,NÃ£o-ofensivo
"Pra qualquer ZÃ© ManÃ© Ã© cadeia, todo rigor da lei, jÃ¡ pra bandido que arrasa o paÃ­s, que desvia milhÃµes, bilhÃµes de reais de dinheiro pÃºblico, que faz falta nos hospitais, nas creches, na seguranÃ§a, aÃ­ esses canalhas nÃ£o fazem nada, ou melhor, sÃ£o totalmente coniventes e atÃ© participantes. Querida @carla.zambelli acho que o presidente deveria entregar o paÃ­s para o ExÃ©rcito, sÃ³ assim esse Congresso satÃ¢nico seria fechado, o STF destituÃ­do e esses canalhas presos ou expulsos do Brasil. NÃ£o vejo outra saÃ­da.",1,Ofensivo,Ofensivo
NinguÃ©m vai calar essa imundice?,1,Ofensivo,Ofensivo
Depravado e escroto ğŸ˜¬ğŸ˜¬ğŸ˜¬,1,Ofensivo,Ofensivo
"VÃ£o colocar a #globolixo, #bandlixo e #folhadesaopaulolixo na cadeia?",1,Ofensivo,Ofensivo
O prÃ³ximo a perder serÃ¡ o TrumpğŸ‘ğŸ‘,0,NÃ£o-ofensivo,NÃ£o-ofensivo
"Nojo!!!! Mas a famÃ­lia tradicional brasileira adora, nÃ£o Ã©? Muita hipocrisia!!! ğŸ¤®ğŸ¤®ğŸ¤®",1,Ofensivo,NÃ£o-ofensivo
"Tem que divulgar a lista dos parlamentares que derrubaram o veto, e o povo tem que fazer barulho e nas prÃ³ximas eleiÃ§Ãµes derrubar a todos eles nas urnas, Ã© hora de dar um basta em tudo isso.",0,NÃ£o-ofensivo,NÃ£o-ofensivo
Golpistas e agora os facistas..,1,Ofensivo,Ofensivo
"uÃ© @carla.zambelli , nera pra parar de falar e dar hibope pra essa daÃ­?? vocÃª nos pediu isso e agira ta aÃ­, fazendo o que ela quer .",0,NÃ£o-ofensivo,Ofensivo
#globolixo gosta de passar uma vergonha! ğŸ˜‚ğŸ˜‚ğŸ˜‚ğŸ˜‚,1,Ofensivo,Ofensivo
Esta foto Ã© demais. Dois grandes mestres .â¤ï¸â¤ï¸â¤ï¸â¤ï¸ğŸ‘ğŸ‘ğŸ‘,0,NÃ£o-ofensivo,NÃ£o-ofensivo
OS HOMENS BOLSONARO TODOS SÃƒO LINDOS PUXOU O PAI,0,NÃ£o-ofensivo,Ofensivo
"Noh coisa feia duas deputadas do mesmo partido , com essas brigas sem fundamento.",0,NÃ£o-ofensivo,NÃ£o-ofensivo
ESSE GOVERNO Ã‰ O PIOR DE TODOS !!!! VOCÃŠ E SUA TURMA NÃƒO MERECEM ESTAR AI! VOCÃŠ Ã‰ PODRE,1,Ofensivo,Ofensivo
"Falso CristÃ£o , nenhuma novidade, com sua dentadura da vaidade...",1,Ofensivo,Ofensivo
Nem sei mais o que falar.,0,NÃ£o-ofensivo,NÃ£o-ofensivo
ParabÃ©ns senhor governador TarcÃ­sio de Freitas o melhor governador de todos os tempos ğŸ‡§ğŸ‡·ğŸ‡§ğŸ‡·ğŸ‡§ğŸ‡· Deus o abenÃ§oe e proteja sempre ğŸ‘ğŸ‘ğŸ‘,0,NÃ£o-ofensivo,NÃ£o-ofensivo
Unidos venceremos!,0,NÃ£o-ofensivo,NÃ£o-ofensivo
"Bom e assim , xupa bolsomions .....papaguns",1,Ofensivo,Ofensivo
Esse ladrÃ£o tem que voltar pra onde ele nunca deveria ter saÃ­do,1,Ofensivo,Ofensivo
Ela Ã© Ã³tima jornalista ğŸŒº,0,NÃ£o-ofensivo,NÃ£o-ofensivo
Gasolina com preÃ§o surreal e no mercado as coisas cada vez mais caro... E polÃ­ticos cada vez mais rico. SÃ³ safado,1,Ofensivo,Ofensivo
"PorÃ©m, ele estÃ¡ certo, bandidos tem q ser tratados como bandido. AI-que dor.ğŸ‡§ğŸ‡·ğŸ‡§ğŸ‡·ğŸŒ´ğŸŒ´",1,Ofensivo,Ofensivo
Realmente a hipocrisia estÃ¡ estampada na cara de pau ğŸ‘ğŸ‘ğŸ‘ğŸ‘,1,Ofensivo,NÃ£o-ofensivo
Que orgulho olha a postura desses alunos ğŸ‡§ğŸ‡·ğŸ‡§ğŸ‡·ğŸ‡§ğŸ‡·ğŸ‡§ğŸ‡·â¤ï¸ğŸ™ğŸ’“ğŸ’“ğŸ’“,0,NÃ£o-ofensivo,NÃ£o-ofensivo
Maravilhoso! Nosso futuro presidente!!!,0,NÃ£o-ofensivo,NÃ£o-ofensivo
ParabÃ©ns Governador TarcÃ­sio vocÃª representa o povo Brasileiro do bem.,0,NÃ£o-ofensivo,NÃ£o-ofensivo
Dilma jumenta,1,Ofensivo,Ofensivo
"A sua pena do Brasil a gente dispensa , porque voce nunca expressou nenhuma pena quando seus amigos saqueavam o Pais criando a maior crise institucional no Brasil com milhÃµes de desempregados",1,Ofensivo,Ofensivo
Essa culpa eu nÃ£o carrego e me admira muito que tem pessoa que acham que Ã© o certo.....depois nÃ£o reclamem de trabalhar de graÃ§a .....,0,NÃ£o-ofensivo,NÃ£o-ofensivo
Esse cara sÃ³ evacua pela boca?,1,Ofensivo,Ofensivo
Juntando duas excelÃªncia!!,0,NÃ£o-ofensivo,NÃ£o-ofensivo
O que Ã© isso? Ã‰ a luxuria em forma de homem?,0,NÃ£o-ofensivo,Ofensivo
Tentando entender a relaÃ§Ã£o Argentina - RS alÃ©m da proximidade geogrÃ¡fica.,0,NÃ£o-ofensivo,NÃ£o-ofensivo
Tem que acabar com este verme e expulsar comunistas,1,Ofensivo,Ofensivo
"Poxa, era sÃ³ ele sair do armÃ¡rio... quem sabe passava essa raivinha toda.",1,Ofensivo,Ofensivo
"Seria muito bom voltar a trabalhar e vc e ele ou quer quem seja, parar de fofoquinha",1,Ofensivo,Ofensivo
ParabÃ©ns aos argentinos por ter escolhido o lado certo,0,NÃ£o-ofensivo,NÃ£o-ofensivo
"Bolsonaro tem razÃ£o , essa Greta Ã© uma pirralha mimada",1,Ofensivo,Ofensivo
Melhor coisa do mundo gente imparcial ğŸ˜,0,NÃ£o-ofensivo,NÃ£o-ofensivo
Nunca vi um presidente nÃ£o mandar no paÃ­s e nÃ£o ser respeitado em suas decisÃµes,0,NÃ£o-ofensivo,NÃ£o-ofensivo
Ansiosa pra assistir!,0,NÃ£o-ofensivo,NÃ£o-ofensivo
Bem vindos todos os ermanos!!!!ğŸ˜ğŸ˜,0,NÃ£o-ofensivo,NÃ£o-ofensivo
